no	file	label	url	source_page	note
1	tenshu_icon.webp	店主（アイコン）	https://appmedia.jp/wp-content/uploads/2023/12/d71a133beeebb5d9ff575e6bc461c036.webp	https://appmedia.jp/shiren6/77448865	オープニング「店主に襲われて」
2	tenshu_scene.webp	店主（泥棒時の画面）	https://appmedia.jp/wp-content/uploads/2023/12/1ed1ee1aa7da212310204c73bf75b71e.webp	https://appmedia.jp/shiren6/77448865	オープニングの背景候補
3	banken_icon.webp	番犬（アイコン）	https://appmedia.jp/wp-content/uploads/2023/12/a544ea094626ef5106e7344535ff2999.webp	https://appmedia.jp/shiren6/77448865	任意。泥棒後に出る敵として
4	tenshu_aka.jpg	赤い店主	https://lh3.googleusercontent.com/8MwB9k_ENyAAMeuf0_3grYNKvHq4hlorcBSdkPajZrKnnVzfNpAr39DyxI_zv-BhV5qRZH7AKDDzo4nFouGp9LEmxTOrnek7GwOqsmvaKYc7	https://kamigame.jp/shiren6/page/302710615758141152.html	店主の別候補
5	todo_tsubo.jpg	トドの壺	https://lh3.googleusercontent.com/Xp5Q39OZ17hUrGS_MgcfX1_MNR1aSFTncI2OsdXlnyBqNUQ6NNRpo-UxrND5b5HC1E5bivVU99exzYp9J5Pd_PLDxIDPLWWVOCZ9fgrpLaVY=w120	https://kamigame.jp/shiren6/page/301393381685210503.html	1「トドの壺は」
6	nusutodo.webp	ぬすっトド	https://appmedia.jp/wp-content/uploads/2024/01/1ec0255061d4b64c56a71ef7f9f9ff4d.webp	https://appmedia.jp/shiren6/77542573	1「直線上のアイテムを持って戻ってくる」（壺から出てくるトド）
7	tsubo_icon.webp	壺（共通アイコン）	https://appmedia.jp/wp-content/uploads/2023/12/87751df2882472aa6c2acb49843679e2.webp	https://appmedia.jp/shiren6/77543077	1「未鑑定の壺」「水鉄砲の壺」。ゲーム内でも壺は全種同じアイコン
8	mokuton.webp	木遁忍者	https://appmedia.jp/wp-content/uploads/2024/01/e4ced8891e36b8da60f10b79993693ac.webp	https://appmedia.jp/shiren6/77542642	2「風遁忍者は」※名前の確認待ち（下記）
9	maruta_wana.webp	丸太の罠（アイコン）	https://appmedia.jp/wp-content/uploads/2024/01/9a2fc18092e65882082c2a6ea8987ad9.webp	https://appmedia.jp/shiren6/77542483	2「丸太の罠と」
10	tsue_icon.webp	杖（共通アイコン）	https://appmedia.jp/wp-content/uploads/2023/12/3ed5c41ae56d25f5dabcaeae0b2d88a1.webp	https://appmedia.jp/shiren6/77542468	2「封印の杖を」。杖は全種同じアイコン
11	kusa_icon.webp	草（共通アイコン）	https://appmedia.jp/wp-content/uploads/2023/12/1251580ed29b33207148350cda77c07b.webp	https://appmedia.jp/shiren6/77542468	3「高跳び草」「いやし草」。草は全種同じアイコン
12	makimono_icon.webp	巻物（共通アイコン）	https://appmedia.jp/wp-content/uploads/2023/12/fe18a71a947fa72b6a5ad691e50b9323.webp	https://appmedia.jp/shiren6/77542468	3「魔物部屋の巻物」。巻物は全種同じアイコン
13	dorobou_eyecatch.webp	泥棒（記事のアイキャッチ）	https://appmedia.jp/wp-content/uploads/2023/12/a6cbb85afdd901f2e3f22ececf8dd041.webp	https://appmedia.jp/shiren6/77448865	任意。タイトル背景の参考
